0.4	هر روز، یک ابزار تازهٔ هوش مصنوعی می‌آید.
4.47	کدام را یاد بگیری؟
6.68	از کجا شروع کنی؟
9.02	لازم نیست تنها شروع کنی.
11.98	سلام، من فاطمه شمس هستم، توسعه‌دهنده و مربی هوش مصنوعی.
18.25	برای همین سؤال، یک کامیونیتی ساختم.
21.38	کامیونیتی هوش مصنوعی در تلگرام، جای کسانی است که می‌خواهند متحول شوند.
28.43	یک مسیر روشن، کنار آدم‌هایی که همین راه را می‌روند.
33.74	هر روز، یک درس تازه. همهٔ ابزارهای هوش مصنوعی را کاربردی و قدم‌به‌قدم یاد می‌گیری.
42.34	مثل همین درس: با یک فاکتور ساده، فروش را تحلیل می‌کنی.
48.49	روزهای فرد، مهم‌ترین خبرهای هوش مصنوعی را کوتاه و خلاصه با هم می‌خوانیم.
55.55	هر درس یک جزوه دارد. هر وقت خواستی، برمی‌گردی و مرورش می‌کنی.
61.91	بانک پرامپت ویژهٔ معلم هم همیشه در دسترس است.
66.64	شبیه‌سازهای آموزشی ریاضی، فیزیک و برنامه‌نویسی، رایگان و فقط برای اعضای کامیونیتی.
75.23	هر جا گیر کردی، بپرس. هیچ سؤالی بی‌جواب نمی‌ماند.
81.16	من شبانه‌روز در کامیونیتی کنارت هستم.
84.95	روز اول، ده‌ها ابزار و هزار سؤال.
88.78	چند هفته بعد، ابزار درستت را می‌شناسی و کارت را جلو می‌بری.
95.19	بپرس، یاد بگیر، بساز.
98.57	اینجا جای کسانی است که می‌خواهند متحول شوند.
102.68	و خانهٔ همهٔ این‌ها، سایت من است. شش دروازه، شش جهان.
109.17	اگر آماده‌ای، دروازه باز است.
112.17	همین امروز به کامیونیتی هوش مصنوعی بپیوند.
